Country,Category,DateTime,Value,Frequency,HistoricalDataSymbol,LastUpdate
United States,Exports,12/31/01,77800,Monthly,TBEXTOT,2016-03-04T14:46:00
United States,Exports,2002-01-31T00:00:00,79260,Monthly,TBEXTOT,2016-03-04T14:46:00
United States,Exports,2002-02-28T00:00:00,79264,Monthly,TBEXTOT,2016-03-04T14:46:00
United States,Exports,2002-03-31T00:00:00,80345,Monthly,TBEXTOT,2016-03-04T14:46:00
United States,Exports,2002-04-30T00:00:00,82072,Monthly,TBEXTOT,2016-03-04T14:46:00
United States,Exports,2002-05-31T00:00:00,82427,Monthly,TBEXTOT,2016-03-04T14:46:00
United States,Exports,2002-06-30T00:00:00,83564,Monthly,TBEXTOT,2016-03-04T14:46:00
United States,Exports,2002-07-31T00:00:00,83724,Monthly,TBEXTOT,2016-03-04T14:46:00
United States,Exports,2002-08-31T00:00:00,83689,Monthly,TBEXTOT,2016-03-04T14:46:00
United States,Exports,2002-09-30T00:00:00,83487,Monthly,TBEXTOT,2016-03-04T14:46:00
United States,Exports,2002-10-31T00:00:00,82768,Monthly,TBEXTOT,2016-03-04T14:46:00
United States,Exports,2002-11-30T00:00:00,83919,Monthly,TBEXTOT,2016-03-04T14:46:00
United States,Exports,2002-12-31T00:00:00,81578,Monthly,TBEXTOT,2016-03-04T14:46:00
United States,Exports,2003-01-31T00:00:00,82513,Monthly,TBEXTOT,2016-03-04T14:46:00
United States,Exports,2003-02-28T00:00:00,83095,Monthly,TBEXTOT,2016-03-04T14:46:00
United States,Exports,2003-03-31T00:00:00,83156,Monthly,TBEXTOT,2016-03-04T14:46:00
United States,Exports,2003-04-30T00:00:00,82566,Monthly,TBEXTOT,2016-03-04T14:46:00
United States,Exports,2003-05-31T00:00:00,82630,Monthly,TBEXTOT,2016-03-04T14:46:00
United States,Exports,2003-06-30T00:00:00,85173,Monthly,TBEXTOT,2016-03-04T14:46:00
United States,Exports,2003-07-31T00:00:00,85944,Monthly,TBEXTOT,2016-03-04T14:46:00
United States,Exports,2003-08-31T00:00:00,84905,Monthly,TBEXTOT,2016-03-04T14:46:00
United States,Exports,2003-09-30T00:00:00,86969,Monthly,TBEXTOT,2016-03-04T14:46:00
United States,Exports,2003-10-31T00:00:00,88890,Monthly,TBEXTOT,2016-03-04T14:46:00
United States,Exports,2003-11-30T00:00:00,91322,Monthly,TBEXTOT,2016-03-04T14:46:00
United States,Exports,2003-12-31T00:00:00,91024,Monthly,TBEXTOT,2016-03-04T14:46:00
United States,Exports,2004-01-31T00:00:00,90564,Monthly,TBEXTOT,2016-03-04T14:46:00
United States,Exports,2004-02-29T00:00:00,94131,Monthly,TBEXTOT,2016-03-04T14:46:00
United States,Exports,2004-03-31T00:00:00,96707,Monthly,TBEXTOT,2016-03-04T14:46:00
United States,Exports,2004-04-30T00:00:00,96398,Monthly,TBEXTOT,2016-03-04T14:46:00
United States,Exports,2004-05-31T00:00:00,98197,Monthly,TBEXTOT,2016-03-04T14:46:00
United States,Exports,2004-06-30T00:00:00,95773,Monthly,TBEXTOT,2016-03-04T14:46:00
United States,Exports,2004-07-31T00:00:00,96907,Monthly,TBEXTOT,2016-03-04T14:46:00
United States,Exports,2004-08-31T00:00:00,97295,Monthly,TBEXTOT,2016-03-04T14:46:00
United States,Exports,2004-09-30T00:00:00,98782,Monthly,TBEXTOT,2016-03-04T14:46:00
United States,Exports,2004-10-31T00:00:00,100494,Monthly,TBEXTOT,2016-03-04T14:46:00
United States,Exports,2004-11-30T00:00:00,100090,Monthly,TBEXTOT,2016-03-04T14:46:00
United States,Exports,2004-12-31T00:00:00,102781,Monthly,TBEXTOT,2016-03-04T14:46:00
United States,Exports,2005-01-31T00:00:00,103206,Monthly,TBEXTOT,2016-03-04T14:46:00
United States,Exports,2005-02-28T00:00:00,104010,Monthly,TBEXTOT,2016-03-04T14:46:00
United States,Exports,2005-03-31T00:00:00,105098,Monthly,TBEXTOT,2016-03-04T14:46:00
United States,Exports,2005-04-30T00:00:00,107268,Monthly,TBEXTOT,2016-03-04T14:46:00
United States,Exports,2005-05-31T00:00:00,107079,Monthly,TBEXTOT,2016-03-04T14:46:00
United States,Exports,2005-06-30T00:00:00,107033,Monthly,TBEXTOT,2016-03-04T14:46:00
United States,Exports,2005-07-31T00:00:00,107082,Monthly,TBEXTOT,2016-03-04T14:46:00
United States,Exports,2005-08-31T00:00:00,108475,Monthly,TBEXTOT,2016-03-04T14:46:00
United States,Exports,2005-09-30T00:00:00,107156,Monthly,TBEXTOT,2016-03-04T14:46:00
United States,Exports,2005-10-31T00:00:00,109813,Monthly,TBEXTOT,2016-03-04T14:46:00
United States,Exports,2005-11-30T00:00:00,111462,Monthly,TBEXTOT,2016-03-04T14:46:00
United States,Exports,2005-12-31T00:00:00,113822,Monthly,TBEXTOT,2016-03-04T14:46:00
United States,Exports,2006-01-31T00:00:00,115831,Monthly,TBEXTOT,2016-03-04T14:46:00
United States,Exports,2006-02-28T00:00:00,116871,Monthly,TBEXTOT,2016-03-04T14:46:00
United States,Exports,2006-03-31T00:00:00,118821,Monthly,TBEXTOT,2016-03-04T14:46:00
United States,Exports,2006-04-30T00:00:00,119611,Monthly,TBEXTOT,2016-03-04T14:46:00
United States,Exports,2006-05-31T00:00:00,121155,Monthly,TBEXTOT,2016-03-04T14:46:00
United States,Exports,2006-06-30T00:00:00,122726,Monthly,TBEXTOT,2016-03-04T14:46:00
United States,Exports,2006-07-31T00:00:00,120430,Monthly,TBEXTOT,2016-03-04T14:46:00
United States,Exports,2006-08-31T00:00:00,122780,Monthly,TBEXTOT,2016-03-04T14:46:00
United States,Exports,2006-09-30T00:00:00,124052,Monthly,TBEXTOT,2016-03-04T14:46:00
United States,Exports,2006-10-31T00:00:00,125532,Monthly,TBEXTOT,2016-03-04T14:46:00
United States,Exports,2006-11-30T00:00:00,127388,Monthly,TBEXTOT,2016-03-04T14:46:00
United States,Exports,2006-12-31T00:00:00,128795,Monthly,TBEXTOT,2016-03-04T14:46:00
United States,Exports,2007-01-31T00:00:00,130648,Monthly,TBEXTOT,2016-03-04T14:46:00
United States,Exports,2007-02-28T00:00:00,129481,Monthly,TBEXTOT,2016-03-04T14:46:00
United States,Exports,2007-03-31T00:00:00,133835,Monthly,TBEXTOT,2016-03-04T14:46:00
United States,Exports,2007-04-30T00:00:00,133351,Monthly,TBEXTOT,2016-03-04T14:46:00
United States,Exports,2007-05-31T00:00:00,135835,Monthly,TBEXTOT,2016-03-04T14:46:00
United States,Exports,2007-06-30T00:00:00,137312,Monthly,TBEXTOT,2016-03-04T14:46:00
United States,Exports,2007-07-31T00:00:00,138546,Monthly,TBEXTOT,2016-03-04T14:46:00
United States,Exports,2007-08-31T00:00:00,141519,Monthly,TBEXTOT,2016-03-04T14:46:00
United States,Exports,2007-09-30T00:00:00,142069,Monthly,TBEXTOT,2016-03-04T14:46:00
United States,Exports,2007-10-31T00:00:00,144525,Monthly,TBEXTOT,2016-03-04T14:46:00
United States,Exports,2007-11-30T00:00:00,146264,Monthly,TBEXTOT,2016-03-04T14:46:00
United States,Exports,2007-12-31T00:00:00,147428,Monthly,TBEXTOT,2016-03-04T14:46:00
United States,Exports,2008-01-31T00:00:00,151094,Monthly,TBEXTOT,2016-03-04T14:46:00
United States,Exports,2008-02-29T00:00:00,153660,Monthly,TBEXTOT,2016-03-04T14:46:00
United States,Exports,2008-03-31T00:00:00,152900,Monthly,TBEXTOT,2016-03-04T14:46:00
United States,Exports,2008-04-30T00:00:00,157363,Monthly,TBEXTOT,2016-03-04T14:46:00
United States,Exports,2008-05-31T00:00:00,159081,Monthly,TBEXTOT,2016-03-04T14:46:00
United States,Exports,2008-06-30T00:00:00,164072,Monthly,TBEXTOT,2016-03-04T14:46:00
United States,Exports,2008-07-31T00:00:00,166232,Monthly,TBEXTOT,2016-03-04T14:46:00
United States,Exports,2008-08-31T00:00:00,163335,Monthly,TBEXTOT,2016-03-04T14:46:00
United States,Exports,2008-09-30T00:00:00,154611,Monthly,TBEXTOT,2016-03-04T14:46:00
United States,Exports,2008-10-31T00:00:00,151854,Monthly,TBEXTOT,2016-03-04T14:46:00
United States,Exports,2008-11-30T00:00:00,142973,Monthly,TBEXTOT,2016-03-04T14:46:00
United States,Exports,2008-12-31T00:00:00,132410,Monthly,TBEXTOT,2016-03-04T14:46:00
United States,Exports,2009-01-31T00:00:00,125859,Monthly,TBEXTOT,2016-03-04T14:46:00
United States,Exports,2009-02-28T00:00:00,127893,Monthly,TBEXTOT,2016-03-04T14:46:00
United States,Exports,2009-03-31T00:00:00,126478,Monthly,TBEXTOT,2016-03-04T14:46:00
United States,Exports,2009-04-30T00:00:00,125323,Monthly,TBEXTOT,2016-03-04T14:46:00
United States,Exports,2009-05-31T00:00:00,127342,Monthly,TBEXTOT,2016-03-04T14:46:00
United States,Exports,2009-06-30T00:00:00,129796,Monthly,TBEXTOT,2016-03-04T14:46:00
United States,Exports,2009-07-31T00:00:00,131878,Monthly,TBEXTOT,2016-03-04T14:46:00
United States,Exports,2009-08-31T00:00:00,132567,Monthly,TBEXTOT,2016-03-04T14:46:00
United States,Exports,2009-09-30T00:00:00,137047,Monthly,TBEXTOT,2016-03-04T14:46:00
United States,Exports,2009-10-31T00:00:00,141055,Monthly,TBEXTOT,2016-03-04T14:46:00
United States,Exports,2009-11-30T00:00:00,142075,Monthly,TBEXTOT,2016-03-04T14:46:00
United States,Exports,2009-12-31T00:00:00,145480,Monthly,TBEXTOT,2016-03-04T14:46:00
United States,Exports,2010-01-31T00:00:00,145718,Monthly,TBEXTOT,2016-03-04T14:46:00
United States,Exports,2010-02-28T00:00:00,146849,Monthly,TBEXTOT,2016-03-04T14:46:00
United States,Exports,2010-03-31T00:00:00,151080,Monthly,TBEXTOT,2016-03-04T14:46:00
United States,Exports,2010-04-30T00:00:00,150006,Monthly,TBEXTOT,2016-03-04T14:46:00
United States,Exports,2010-05-31T00:00:00,153819,Monthly,TBEXTOT,2016-03-04T14:46:00
United States,Exports,2010-06-30T00:00:00,153326,Monthly,TBEXTOT,2016-03-04T14:46:00
United States,Exports,2010-07-31T00:00:00,156763,Monthly,TBEXTOT,2016-03-04T14:46:00
United States,Exports,2010-08-31T00:00:00,157769,Monthly,TBEXTOT,2016-03-04T14:46:00
United States,Exports,2010-09-30T00:00:00,158624,Monthly,TBEXTOT,2016-03-04T14:46:00
United States,Exports,2010-10-31T00:00:00,164234,Monthly,TBEXTOT,2016-03-04T14:46:00
United States,Exports,2010-11-30T00:00:00,165621,Monthly,TBEXTOT,2016-03-04T14:46:00
United States,Exports,2010-12-31T00:00:00,168510,Monthly,TBEXTOT,2016-03-04T14:46:00
United States,Exports,2011-01-31T00:00:00,169897,Monthly,TBEXTOT,2016-03-04T14:46:00
United States,Exports,2011-02-28T00:00:00,168665,Monthly,TBEXTOT,2016-03-04T14:46:00
United States,Exports,2011-03-31T00:00:00,176676,Monthly,TBEXTOT,2016-03-04T14:46:00
United States,Exports,2011-04-30T00:00:00,178839,Monthly,TBEXTOT,2016-03-04T14:46:00
United States,Exports,2011-05-31T00:00:00,178856,Monthly,TBEXTOT,2016-03-04T14:46:00
United States,Exports,2011-06-30T00:00:00,176894,Monthly,TBEXTOT,2016-03-04T14:46:00
United States,Exports,2011-07-31T00:00:00,181502,Monthly,TBEXTOT,2016-03-04T14:46:00
United States,Exports,2011-08-31T00:00:00,182475,Monthly,TBEXTOT,2016-03-04T14:46:00
United States,Exports,2011-09-30T00:00:00,183858,Monthly,TBEXTOT,2016-03-04T14:46:00
United States,Exports,2011-10-31T00:00:00,182681,Monthly,TBEXTOT,2016-03-04T14:46:00
United States,Exports,2011-11-30T00:00:00,180797,Monthly,TBEXTOT,2016-03-04T14:46:00
United States,Exports,2011-12-31T00:00:00,182411,Monthly,TBEXTOT,2016-03-04T14:46:00
United States,Exports,2012-01-31T00:00:00,182425,Monthly,TBEXTOT,2016-03-04T14:46:00
United States,Exports,2012-02-29T00:00:00,185085,Monthly,TBEXTOT,2016-03-04T14:46:00
United States,Exports,2012-03-31T00:00:00,188511,Monthly,TBEXTOT,2016-03-04T14:46:00
United States,Exports,2012-04-30T00:00:00,187092,Monthly,TBEXTOT,2016-03-04T14:46:00
United States,Exports,2012-05-31T00:00:00,187375,Monthly,TBEXTOT,2016-03-04T14:46:00
United States,Exports,2012-06-30T00:00:00,187247,Monthly,TBEXTOT,2016-03-04T14:46:00
United States,Exports,2012-07-31T00:00:00,186714,Monthly,TBEXTOT,2016-03-04T14:46:00
United States,Exports,2012-08-31T00:00:00,184999,Monthly,TBEXTOT,2016-03-04T14:46:00
United States,Exports,2012-09-30T00:00:00,191182,Monthly,TBEXTOT,2016-03-04T14:46:00
United States,Exports,2012-10-31T00:00:00,186133,Monthly,TBEXTOT,2016-03-04T14:46:00
United States,Exports,2012-11-30T00:00:00,188461,Monthly,TBEXTOT,2016-03-04T14:46:00
United States,Exports,2012-12-31T00:00:00,192226,Monthly,TBEXTOT,2016-03-04T14:46:00
United States,Exports,2013-01-31T00:00:00,190283,Monthly,TBEXTOT,2016-03-04T14:46:00
United States,Exports,2013-02-28T00:00:00,192436,Monthly,TBEXTOT,2016-03-04T14:46:00
United States,Exports,2013-03-31T00:00:00,189856,Monthly,TBEXTOT,2016-03-04T14:46:00
United States,Exports,2013-04-30T00:00:00,190603,Monthly,TBEXTOT,2016-03-04T14:46:00
United States,Exports,2013-05-31T00:00:00,189837,Monthly,TBEXTOT,2016-03-04T14:46:00
United States,Exports,2013-06-30T00:00:00,192921,Monthly,TBEXTOT,2016-03-04T14:46:00
United States,Exports,2013-07-31T00:00:00,192125,Monthly,TBEXTOT,2016-03-04T14:46:00
United States,Exports,2013-08-31T00:00:00,192449,Monthly,TBEXTOT,2016-03-04T14:46:00
United States,Exports,2013-09-30T00:00:00,192505,Monthly,TBEXTOT,2016-03-04T14:46:00
United States,Exports,2013-10-31T00:00:00,196471,Monthly,TBEXTOT,2016-03-04T14:46:00
United States,Exports,2013-11-30T00:00:00,197292,Monthly,TBEXTOT,2016-03-04T14:46:00
United States,Exports,2013-12-31T00:00:00,196343,Monthly,TBEXTOT,2016-03-04T14:46:00
United States,Exports,2014-01-31T00:00:00,195789,Monthly,TBEXTOT,2016-03-04T14:46:00
United States,Exports,2014-02-28T00:00:00,195059,Monthly,TBEXTOT,2016-03-04T14:46:00
United States,Exports,2014-03-31T00:00:00,199559,Monthly,TBEXTOT,2016-03-04T14:46:00
United States,Exports,2014-04-30T00:00:00,199056,Monthly,TBEXTOT,2016-03-04T14:46:00
United States,Exports,2014-05-31T00:00:00,201418,Monthly,TBEXTOT,2016-03-04T14:46:00
United States,Exports,2014-06-30T00:00:00,200514,Monthly,TBEXTOT,2016-03-04T14:46:00
United States,Exports,2014-07-31T00:00:00,200758,Monthly,TBEXTOT,2016-03-04T14:46:00
United States,Exports,2014-08-31T00:00:00,202226,Monthly,TBEXTOT,2016-03-04T14:46:00
United States,Exports,2014-09-30T00:00:00,199556,Monthly,TBEXTOT,2016-03-04T14:46:00
United States,Exports,2014-10-31T00:00:00,201376,Monthly,TBEXTOT,2016-03-04T14:46:00
United States,Exports,2014-11-30T00:00:00,198893,Monthly,TBEXTOT,2016-03-04T14:46:00
United States,Exports,2014-12-31T00:00:00,198413,Monthly,TBEXTOT,2016-03-04T14:46:00
United States,Exports,2015-01-31T00:00:00,194274,Monthly,TBEXTOT,2016-03-04T14:46:00
United States,Exports,2015-02-28T00:00:00,191937,Monthly,TBEXTOT,2016-03-04T14:46:00
United States,Exports,2015-03-31T00:00:00,192268,Monthly,TBEXTOT,2016-03-04T14:46:00
United States,Exports,2015-04-30T00:00:00,193068,Monthly,TBEXTOT,2016-03-04T14:46:00
United States,Exports,2015-05-31T00:00:00,191848,Monthly,TBEXTOT,2016-03-04T14:46:00
United States,Exports,2015-06-30T00:00:00,191427,Monthly,TBEXTOT,2016-03-04T14:46:00
United States,Exports,2015-07-31T00:00:00,190781,Monthly,TBEXTOT,2016-03-04T14:46:00
United States,Exports,2015-08-31T00:00:00,188027,Monthly,TBEXTOT,2016-03-04T14:46:00
United States,Exports,2015-09-30T00:00:00,189061,Monthly,TBEXTOT,2016-03-04T14:46:00
United States,Exports,2015-10-31T00:00:00,187682,Monthly,TBEXTOT,2016-03-04T14:46:00
United States,Exports,2015-11-30T00:00:00,185269,Monthly,TBEXTOT,2016-03-04T14:46:00
United States,Exports,2015-12-31T00:00:00,184399,Monthly,TBEXTOT,2016-03-04T14:46:00
United States,Exports,2016-01-31T00:00:00,180840,Monthly,TBEXTOT,2016-03-04T14:46:00
United States,Exports,2016-02-29T00:00:00,182895,Monthly,TBEXTOT,2016-03-04T14:46:00
United States,Exports,2016-03-31T00:00:00,181919,Monthly,TBEXTOT,2016-03-04T14:46:00
United States,Exports,2016-04-30T00:00:00,184033,Monthly,TBEXTOT,2016-03-04T14:46:00
United States,Exports,2016-05-31T00:00:00,184948,Monthly,TBEXTOT,2016-03-04T14:46:00
United States,Exports,2016-06-30T00:00:00,186622,Monthly,TBEXTOT,2016-03-04T14:46:00
United States,Exports,2016-07-31T00:00:00,187910,Monthly,TBEXTOT,2016-03-04T14:46:00
United States,Exports,2016-08-31T00:00:00,189850,Monthly,TBEXTOT,2016-03-04T14:46:00
United States,Exports,2016-09-30T00:00:00,190415,Monthly,TBEXTOT,2016-03-04T14:46:00
United States,Exports,2016-10-31T00:00:00,189089,Monthly,TBEXTOT,2016-03-04T14:46:00
United States,Exports,2016-11-30T00:00:00,187434,Monthly,TBEXTOT,2016-03-04T14:46:00
United States,Exports,2016-12-31T00:00:00,192382,Monthly,TBEXTOT,2016-03-04T14:46:00
United States,Exports,2017-01-31T00:00:00,195302,Monthly,TBEXTOT,2016-03-04T14:46:00
United States,Exports,2017-02-28T00:00:00,195839,Monthly,TBEXTOT,2016-03-04T14:46:00
United States,Exports,2017-03-31T00:00:00,195880,Monthly,TBEXTOT,2016-03-04T14:46:00
United States,Exports,2017-04-30T00:00:00,195850,Monthly,TBEXTOT,2016-03-04T14:46:00
United States,Exports,2017-05-31T00:00:00,195404,Monthly,TBEXTOT,2016-03-04T14:46:00
United States,Exports,2017-06-30T00:00:00,197631,Monthly,TBEXTOT,2016-03-04T14:46:00
United States,Exports,2017-07-31T00:00:00,197813,Monthly,TBEXTOT,2016-03-04T14:46:00
United States,Exports,2017-08-31T00:00:00,198638,Monthly,TBEXTOT,2016-03-04T14:46:00
United States,Exports,2017-09-30T00:00:00,200747,Monthly,TBEXTOT,2016-03-04T14:46:00
United States,Exports,2017-10-31T00:00:00,202583,Monthly,TBEXTOT,2016-03-04T14:46:00
United States,Exports,2017-11-30T00:00:00,206000,Monthly,TBEXTOT,2016-03-04T14:46:00
United States,Exports,2017-12-31T00:00:00,209091,Monthly,TBEXTOT,2016-03-04T14:46:00
United States,Exports,2018-01-31T00:00:00,206058,Monthly,TBEXTOT,2016-03-04T14:46:00
United States,Exports,2018-02-28T00:00:00,208776,Monthly,TBEXTOT,2016-03-04T14:46:00
United States,Exports,2018-03-31T00:00:00,213123,Monthly,TBEXTOT,2016-03-04T14:46:00
United States,Exports,2018-04-30T00:00:00,213183,Monthly,TBEXTOT,2016-03-04T14:46:00
United States,Exports,2018-05-31T00:00:00,216094,Monthly,TBEXTOT,2016-03-04T14:46:00
United States,Exports,2018-06-30T00:00:00,213698,Monthly,TBEXTOT,2016-03-04T14:46:00
United States,Exports,2018-07-31T00:00:00,211824,Monthly,TBEXTOT,2016-03-04T14:46:00
United States,Exports,2018-08-31T00:00:00,211054,Monthly,TBEXTOT,2016-03-04T14:46:00
United States,Exports,2018-09-30T00:00:00,212793,Monthly,TBEXTOT,2016-03-04T14:46:00
United States,Exports,2018-10-31T00:00:00,213861,Monthly,TBEXTOT,2016-03-04T14:46:00
United States,Exports,2018-11-30T00:00:00,210383,Monthly,TBEXTOT,2016-03-04T14:46:00
United States,Exports,2018-12-31T00:00:00,207793,Monthly,TBEXTOT,2016-03-04T14:46:00
United States,Exports,2019-01-31T00:00:00,209087,Monthly,TBEXTOT,2016-03-04T14:46:00
United States,Exports,2019-02-28T00:00:00,210133,Monthly,TBEXTOT,2016-03-04T14:46:00
United States,Exports,2019-03-31T00:00:00,213813,Monthly,TBEXTOT,2016-03-04T14:46:00
United States,Exports,2019-04-30T00:00:00,210289,Monthly,TBEXTOT,2016-03-04T14:46:00
United States,Exports,2019-05-31T00:00:00,213973,Monthly,TBEXTOT,2016-03-04T14:46:00
United States,Exports,2019-06-30T00:00:00,210575,Monthly,TBEXTOT,2016-03-04T14:46:00
United States,Exports,2019-07-31T00:00:00,211469,Monthly,TBEXTOT,2016-03-04T14:46:00
United States,Exports,2019-08-31T00:00:00,210474,Monthly,TBEXTOT,2016-03-04T14:46:00
United States,Exports,2019-09-30T00:00:00,208776,Monthly,TBEXTOT,2016-03-04T14:46:00
United States,Exports,2019-10-31T00:00:00,210157,Monthly,TBEXTOT,2016-03-04T14:46:00
United States,Exports,2019-11-30T00:00:00,209739,Monthly,TBEXTOT,2016-03-04T14:46:00
United States,Exports,2019-12-31T00:00:00,209883,Monthly,TBEXTOT,2016-03-04T14:46:00
United States,Exports,2020-01-31T00:00:00,205091,Monthly,TBEXTOT,2016-03-04T14:46:00
United States,Exports,2020-02-29T00:00:00,204819,Monthly,TBEXTOT,2016-03-04T14:46:00
United States,Exports,2020-03-31T00:00:00,187490,Monthly,TBEXTOT,2016-03-04T14:46:00
United States,Exports,2020-04-30T00:00:00,150074,Monthly,TBEXTOT,2016-03-04T14:46:00
United States,Exports,2020-05-31T00:00:00,146108,Monthly,TBEXTOT,2016-03-04T14:46:00
United States,Exports,2020-06-30T00:00:00,158805,Monthly,TBEXTOT,2016-03-04T14:46:00
United States,Exports,2020-07-31T00:00:00,170908,Monthly,TBEXTOT,2016-03-04T14:46:00
United States,Exports,2020-08-31T00:00:00,174287,Monthly,TBEXTOT,2016-03-04T14:46:00
United States,Exports,2020-09-30T00:00:00,178063,Monthly,TBEXTOT,2016-03-04T14:46:00
United States,Exports,2020-10-31T00:00:00,182732,Monthly,TBEXTOT,2016-03-04T14:46:00
United States,Exports,2020-11-30T00:00:00,185186,Monthly,TBEXTOT,2016-03-04T14:46:00
United States,Exports,2020-12-31T00:00:00,190877,Monthly,TBEXTOT,2016-03-04T14:46:00
United States,Exports,2021-01-31T00:00:00,193221,Monthly,TBEXTOT,2016-03-04T14:46:00
United States,Exports,2021-02-28T00:00:00,188561,Monthly,TBEXTOT,2016-03-04T14:46:00
United States,Exports,2021-03-31T00:00:00,202669,Monthly,TBEXTOT,2016-03-04T14:46:00
United States,Exports,,,Monthly,TBEXTOT,2016-03-04T14:46:00
United States,Exports,,,Monthly,TBEXTOT,2016-03-04T14:46:00
United States,Exports,,,Monthly,TBEXTOT,2016-03-04T14:46:00
United States,Exports,,,Monthly,TBEXTOT,2016-03-04T14:46:00
United States,Exports,,,Monthly,TBEXTOT,2016-03-04T14:46:00
United States,Exports,,,Monthly,TBEXTOT,2016-03-04T14:46:00
United States,Exports,,,Monthly,TBEXTOT,2016-03-04T14:46:00
United States,Exports,,,Monthly,TBEXTOT,2016-03-04T14:46:00
United States,Exports,,,Monthly,TBEXTOT,2016-03-04T14:46:00
United States,Exports,,,Monthly,TBEXTOT,2016-03-04T14:46:00
United States,Exports,,,Monthly,TBEXTOT,2016-03-04T14:46:00
United States,Exports,,,Monthly,TBEXTOT,2016-03-04T14:46:00
United States,Exports,,,Monthly,TBEXTOT,2016-03-04T14:46:00
United States,Exports,,,Monthly,TBEXTOT,2016-03-04T14:46:00
United States,Exports,,,Monthly,TBEXTOT,2016-03-04T14:46:00
United States,Exports,,,Monthly,TBEXTOT,2016-03-04T14:46:00
United States,Exports,,,Monthly,TBEXTOT,2016-03-04T14:46:00
United States,Exports,,,Monthly,TBEXTOT,2016-03-04T14:46:00
United States,Exports,,,Monthly,TBEXTOT,2016-03-04T14:46:00
United States,Exports,,,Monthly,TBEXTOT,2016-03-04T14:46:00
United States,Exports,,,Monthly,TBEXTOT,2016-03-04T14:46:00
United States,Exports,,,Monthly,TBEXTOT,2016-03-04T14:46:00
United States,Exports,,,Monthly,TBEXTOT,2016-03-04T14:46:00
United States,Exports,,,Monthly,TBEXTOT,2016-03-04T14:46:00
United States,Exports,,,Monthly,TBEXTOT,2016-03-04T14:46:00
United States,Exports,,,Monthly,TBEXTOT,2016-03-04T14:46:00
United States,Exports,,,Monthly,TBEXTOT,2016-03-04T14:46:00
United States,Exports,,,Monthly,TBEXTOT,2016-03-04T14:46:00
United States,Exports,,,Monthly,TBEXTOT,2016-03-04T14:46:00
United States,Exports,,,Monthly,TBEXTOT,2016-03-04T14:46:00
United States,Exports,,,Monthly,TBEXTOT,2016-03-04T14:46:00
United States,Exports,,,Monthly,TBEXTOT,2016-03-04T14:46:00
United States,Exports,,,Monthly,TBEXTOT,2016-03-04T14:46:00
United States,Exports,,,Monthly,TBEXTOT,2016-03-04T14:46:00
United States,Exports,,,Monthly,TBEXTOT,2016-03-04T14:46:00
United States,Exports,,,Monthly,TBEXTOT,2016-03-04T14:46:00
United States,Exports,,,Monthly,TBEXTOT,2016-03-04T14:46:00
United States,Exports,,,Monthly,TBEXTOT,2016-03-04T14:46:00
United States,Exports,,,Monthly,TBEXTOT,2016-03-04T14:46:00
United States,Exports,,,Monthly,TBEXTOT,2016-03-04T14:46:00
United States,Exports,,,Monthly,TBEXTOT,2016-03-04T14:46:00
United States,Exports,,,Monthly,TBEXTOT,2016-03-04T14:46:00
United States,Exports,,,Monthly,TBEXTOT,2016-03-04T14:46:00
United States,Exports,,,Monthly,TBEXTOT,2016-03-04T14:46:00
United States,Exports,,,Monthly,TBEXTOT,2016-03-04T14:46:00
United States,Exports,,,Monthly,TBEXTOT,2016-03-04T14:46:00
United States,Exports,,,Monthly,TBEXTOT,2016-03-04T14:46:00
United States,Exports,,,Monthly,TBEXTOT,2016-03-04T14:46:00
United States,Exports,,,Monthly,TBEXTOT,2016-03-04T14:46:00
United States,Exports,,,Monthly,TBEXTOT,2016-03-04T14:46:00
United States,Exports,,,Monthly,TBEXTOT,2016-03-04T14:46:00
United States,Exports,,,Monthly,TBEXTOT,2016-03-04T14:46:00
United States,Exports,,,Monthly,TBEXTOT,2016-03-04T14:46:00
United States,Exports,,,Monthly,TBEXTOT,2016-03-04T14:46:00
United States,Exports,,,Monthly,TBEXTOT,2016-03-04T14:46:00
United States,Exports,,,Monthly,TBEXTOT,2016-03-04T14:46:00
United States,Exports,,,Monthly,TBEXTOT,2016-03-04T14:46:00
United States,Exports,,,Monthly,TBEXTOT,2016-03-04T14:46:00
United States,Exports,,,Monthly,TBEXTOT,2016-03-04T14:46:00
United States,Exports,,,Monthly,TBEXTOT,2016-03-04T14:46:00
United States,Exports,,,Monthly,TBEXTOT,2016-03-04T14:46:00
United States,Exports,,,Monthly,TBEXTOT,2016-03-04T14:46:00
United States,Exports,,,Monthly,TBEXTOT,2016-03-04T14:46:00
United States,Exports,,,Monthly,TBEXTOT,2016-03-04T14:46:00
United States,Exports,,,Monthly,TBEXTOT,2016-03-04T14:46:00
United States,Exports,,,Monthly,TBEXTOT,2016-03-04T14:46:00
United States,Exports,,,Monthly,TBEXTOT,2016-03-04T14:46:00
United States,Exports,,,Monthly,TBEXTOT,2016-03-04T14:46:00
United States,Exports,,,Monthly,TBEXTOT,2016-03-04T14:46:00
United States,Exports,,,Monthly,TBEXTOT,2016-03-04T14:46:00
United States,Exports,,,Monthly,TBEXTOT,2016-03-04T14:46:00
United States,Exports,,,Monthly,TBEXTOT,2016-03-04T14:46:00
United States,Exports,,,Monthly,TBEXTOT,2016-03-04T14:46:00
United States,Exports,,,Monthly,TBEXTOT,2016-03-04T14:46:00
United States,Exports,,,Monthly,TBEXTOT,2016-03-04T14:46:00
United States,Exports,,,Monthly,TBEXTOT,2016-03-04T14:46:00
United States,Exports,,,Monthly,TBEXTOT,2016-03-04T14:46:00
United States,Exports,,,Monthly,TBEXTOT,2016-03-04T14:46:00
United States,Exports,,,Monthly,TBEXTOT,2016-03-04T14:46:00
United States,Exports,,,Monthly,TBEXTOT,2016-03-04T14:46:00
United States,Exports,,,Monthly,TBEXTOT,2016-03-04T14:46:00
United States,Exports,,,Monthly,TBEXTOT,2016-03-04T14:46:00
United States,Exports,,,Monthly,TBEXTOT,2016-03-04T14:46:00
United States,Exports,,,Monthly,TBEXTOT,2016-03-04T14:46:00
United States,Exports,,,Monthly,TBEXTOT,2016-03-04T14:46:00
United States,Exports,,,Monthly,TBEXTOT,2016-03-04T14:46:00
United States,Exports,,,Monthly,TBEXTOT,2016-03-04T14:46:00
United States,Exports,,,Monthly,TBEXTOT,2016-03-04T14:46:00
United States,Exports,,,Monthly,TBEXTOT,2016-03-04T14:46:00
United States,Exports,,,Monthly,TBEXTOT,2016-03-04T14:46:00
United States,Exports,,,Monthly,TBEXTOT,2016-03-04T14:46:00
United States,Exports,,,Monthly,TBEXTOT,2016-03-04T14:46:00
United States,Exports,,,Monthly,TBEXTOT,2016-03-04T14:46:00
United States,Exports,,,Monthly,TBEXTOT,2016-03-04T14:46:00
United States,Exports,,,Monthly,TBEXTOT,2016-03-04T14:46:00
United States,Exports,,,Monthly,TBEXTOT,2016-03-04T14:46:00
United States,Exports,,,Monthly,TBEXTOT,2016-03-04T14:46:00
United States,Exports,,,Monthly,TBEXTOT,2016-03-04T14:46:00
United States,Exports,,,Monthly,TBEXTOT,2016-03-04T14:46:00
United States,Exports,,,Monthly,TBEXTOT,2016-03-04T14:46:00
United States,Exports,,,Monthly,TBEXTOT,2016-03-04T14:46:00
United States,Exports,,,Monthly,TBEXTOT,2016-03-04T14:46:00
United States,Exports,,,Monthly,TBEXTOT,2016-03-04T14:46:00
United States,Exports,,,Monthly,TBEXTOT,2016-03-04T14:46:00
United States,Exports,,,Monthly,TBEXTOT,2016-03-04T14:46:00
United States,Exports,,,Monthly,TBEXTOT,2016-03-04T14:46:00
United States,Exports,,,Monthly,TBEXTOT,2016-03-04T14:46:00
United States,Exports,,,Monthly,TBEXTOT,2016-03-04T14:46:00
United States,Exports,,,Monthly,TBEXTOT,2016-03-04T14:46:00
United States,Exports,,,Monthly,TBEXTOT,2016-03-04T14:46:00
United States,Exports,,,Monthly,TBEXTOT,2016-03-04T14:46:00
United States,Exports,,,Monthly,TBEXTOT,2016-03-04T14:46:00
United States,Exports,,,Monthly,TBEXTOT,2016-03-04T14:46:00
United States,Exports,,,Monthly,TBEXTOT,2016-03-04T14:46:00
United States,Exports,,,Monthly,TBEXTOT,2016-03-04T14:46:00
United States,Exports,,,Monthly,TBEXTOT,2016-03-04T14:46:00
United States,Exports,,,Monthly,TBEXTOT,2016-03-04T14:46:00
United States,Exports,,,Monthly,TBEXTOT,2016-03-04T14:46:00
United States,Exports,,,Monthly,TBEXTOT,2016-03-04T14:46:00
United States,Exports,,,Monthly,TBEXTOT,2016-03-04T14:46:00
United States,Exports,,,Monthly,TBEXTOT,2016-03-04T14:46:00
United States,Exports,,,Monthly,TBEXTOT,2016-03-04T14:46:00
United States,Exports,,,Monthly,TBEXTOT,2016-03-04T14:46:00
United States,Exports,,,Monthly,TBEXTOT,2016-03-04T14:46:00
United States,Exports,,,Monthly,TBEXTOT,2016-03-04T14:46:00
United States,Exports,,,Monthly,TBEXTOT,2016-03-04T14:46:00
United States,Exports,,,Monthly,TBEXTOT,2016-03-04T14:46:00
United States,Exports,,,Monthly,TBEXTOT,2016-03-04T14:46:00
United States,Exports,,,Monthly,TBEXTOT,2016-03-04T14:46:00
United States,Exports,,,Monthly,TBEXTOT,2016-03-04T14:46:00
United States,Exports,,,Monthly,TBEXTOT,2016-03-04T14:46:00
United States,Exports,,,Monthly,TBEXTOT,2016-03-04T14:46:00
United States,Exports,,,Monthly,TBEXTOT,2016-03-04T14:46:00
United States,Exports,,,Monthly,TBEXTOT,2016-03-04T14:46:00
United States,Exports,,,Monthly,TBEXTOT,2016-03-04T14:46:00
United States,Exports,,,Monthly,TBEXTOT,2016-03-04T14:46:00
United States,Exports,,,Monthly,TBEXTOT,2016-03-04T14:46:00
United States,Exports,,,Monthly,TBEXTOT,2016-03-04T14:46:00
United States,Exports,,,Monthly,TBEXTOT,2016-03-04T14:46:00
United States,Exports,,,Monthly,TBEXTOT,2016-03-04T14:46:00
United States,Exports,,,Monthly,TBEXTOT,2016-03-04T14:46:00
United States,Exports,,,Monthly,TBEXTOT,2016-03-04T14:46:00
United States,Exports,,,Monthly,TBEXTOT,2016-03-04T14:46:00
United States,Exports,,,Monthly,TBEXTOT,2016-03-04T14:46:00
United States,Exports,,,Monthly,TBEXTOT,2016-03-04T14:46:00
United States,Exports,,,Monthly,TBEXTOT,2016-03-04T14:46:00
United States,Exports,,,Monthly,TBEXTOT,2016-03-04T14:46:00
United States,Exports,,,Monthly,TBEXTOT,2016-03-04T14:46:00
United States,Exports,,,Monthly,TBEXTOT,2016-03-04T14:46:00
United States,Exports,,,Monthly,TBEXTOT,2016-03-04T14:46:00
United States,Exports,,,Monthly,TBEXTOT,2016-03-04T14:46:00
United States,Exports,,,Monthly,TBEXTOT,2016-03-04T14:46:00
United States,Exports,,,Monthly,TBEXTOT,2016-03-04T14:46:00
United States,Exports,,,Monthly,TBEXTOT,2016-03-04T14:46:00
United States,Exports,,,Monthly,TBEXTOT,2016-03-04T14:46:00
United States,Exports,,,Monthly,TBEXTOT,2016-03-04T14:46:00
United States,Exports,,,Monthly,TBEXTOT,2016-03-04T14:46:00
United States,Exports,,,Monthly,TBEXTOT,2016-03-04T14:46:00
United States,Exports,,,Monthly,TBEXTOT,2016-03-04T14:46:00
United States,Exports,,,Monthly,TBEXTOT,2016-03-04T14:46:00
United States,Exports,,,Monthly,TBEXTOT,2016-03-04T14:46:00
United States,Exports,,,Monthly,TBEXTOT,2016-03-04T14:46:00
United States,Exports,,,Monthly,TBEXTOT,2016-03-04T14:46:00
United States,Exports,,,Monthly,TBEXTOT,2016-03-04T14:46:00
United States,Exports,,,Monthly,TBEXTOT,2016-03-04T14:46:00
United States,Exports,,,Monthly,TBEXTOT,2016-03-04T14:46:00
United States,Exports,,,Monthly,TBEXTOT,2016-03-04T14:46:00
United States,Exports,,,Monthly,TBEXTOT,2016-03-04T14:46:00
United States,Exports,,,Monthly,TBEXTOT,2016-03-04T14:46:00
United States,Exports,,,Monthly,TBEXTOT,2016-03-04T14:46:00
United States,Exports,,,Monthly,TBEXTOT,2016-03-04T14:46:00
United States,Exports,,,Monthly,TBEXTOT,2016-03-04T14:46:00
United States,Exports,,,Monthly,TBEXTOT,2016-03-04T14:46:00
United States,Exports,,,Monthly,TBEXTOT,2016-03-04T14:46:00
United States,Exports,,,Monthly,TBEXTOT,2016-03-04T14:46:00
United States,Exports,,,Monthly,TBEXTOT,2016-03-04T14:46:00
United States,Exports,,,Monthly,TBEXTOT,2016-03-04T14:46:00
United States,Exports,,,Monthly,TBEXTOT,2016-03-04T14:46:00
United States,Exports,,,Monthly,TBEXTOT,2016-03-04T14:46:00
United States,Exports,,,Monthly,TBEXTOT,2016-03-04T14:46:00
United States,Exports,,,Monthly,TBEXTOT,2016-03-04T14:46:00
United States,Exports,,,Monthly,TBEXTOT,2016-03-04T14:46:00
United States,Exports,,,Monthly,TBEXTOT,2016-03-04T14:46:00
United States,Exports,,,Monthly,TBEXTOT,2016-03-04T14:46:00
United States,Exports,,,Monthly,TBEXTOT,2016-03-04T14:46:00
United States,Exports,,,Monthly,TBEXTOT,2016-03-04T14:46:00
United States,Exports,,,Monthly,TBEXTOT,2016-03-04T14:46:00
United States,Exports,,,Monthly,TBEXTOT,2016-03-04T14:46:00
United States,Exports,,,Monthly,TBEXTOT,2016-03-04T14:46:00
United States,Exports,,,Monthly,TBEXTOT,2016-03-04T14:46:00
United States,Exports,,,Monthly,TBEXTOT,2016-03-04T14:46:00
United States,Exports,,,Monthly,TBEXTOT,2016-03-04T14:46:00
United States,Exports,,,Monthly,TBEXTOT,2016-03-04T14:46:00
United States,Exports,,,Monthly,TBEXTOT,2016-03-04T14:46:00
United States,Exports,,,Monthly,TBEXTOT,2016-03-04T14:46:00
United States,Exports,,,Monthly,TBEXTOT,2016-03-04T14:46:00
United States,Exports,,,Monthly,TBEXTOT,2016-03-04T14:46:00
United States,Exports,,,Monthly,TBEXTOT,2016-03-04T14:46:00
United States,Exports,,,Monthly,TBEXTOT,2016-03-04T14:46:00
United States,Exports,,,Monthly,TBEXTOT,2016-03-04T14:46:00
United States,Exports,,,Monthly,TBEXTOT,2016-03-04T14:46:00
United States,Exports,,,Monthly,TBEXTOT,2016-03-04T14:46:00
United States,Exports,,,Monthly,TBEXTOT,2016-03-04T14:46:00
United States,Exports,,,Monthly,TBEXTOT,2016-03-04T14:46:00
United States,Exports,,,Monthly,TBEXTOT,2016-03-04T14:46:00
United States,Exports,,,Monthly,TBEXTOT,2016-03-04T14:46:00
United States,Exports,,,Monthly,TBEXTOT,2016-03-04T14:46:00
United States,Exports,,,Monthly,TBEXTOT,2016-03-04T14:46:00
United States,Exports,,,Monthly,TBEXTOT,2016-03-04T14:46:00
United States,Exports,,,Monthly,TBEXTOT,2016-03-04T14:46:00
United States,Exports,,,Monthly,TBEXTOT,2016-03-04T14:46:00
United States,Exports,,,Monthly,TBEXTOT,2016-03-04T14:46:00
United States,Exports,,,Monthly,TBEXTOT,2016-03-04T14:46:00
United States,Exports,,,Monthly,TBEXTOT,2016-03-04T14:46:00
United States,Exports,,,Monthly,TBEXTOT,2016-03-04T14:46:00
United States,Exports,,,Monthly,TBEXTOT,2016-03-04T14:46:00
United States,Exports,,,Monthly,TBEXTOT,2016-03-04T14:46:00
United States,Exports,,,Monthly,TBEXTOT,2016-03-04T14:46:00
United States,Exports,,,Monthly,TBEXTOT,2016-03-04T14:46:00
United States,Exports,,,Monthly,TBEXTOT,2016-03-04T14:46:00
United States,Exports,,,Monthly,TBEXTOT,2016-03-04T14:46:00
United States,Exports,,,Monthly,TBEXTOT,2016-03-04T14:46:00
United States,Exports,,,Monthly,TBEXTOT,2016-03-04T14:46:00
United States,Exports,,,Monthly,TBEXTOT,2016-03-04T14:46:00
United States,Exports,,,Monthly,TBEXTOT,2016-03-04T14:46:00
United States,Exports,,,Monthly,TBEXTOT,2016-03-04T14:46:00
United States,Exports,,,Monthly,TBEXTOT,2016-03-04T14:46:00
United States,Exports,,,Monthly,TBEXTOT,2016-03-04T14:46:00
United States,Exports,,,Monthly,TBEXTOT,2016-03-04T14:46:00
United States,Exports,,,Monthly,TBEXTOT,2016-03-04T14:46:00
United States,Exports,,,Monthly,TBEXTOT,2016-03-04T14:46:00
United States,Exports,,,Monthly,TBEXTOT,2016-03-04T14:46:00
United States,Exports,,,Monthly,TBEXTOT,2016-03-04T14:46:00
United States,Exports,,,Monthly,TBEXTOT,2016-03-04T14:46:00
United States,Exports,,,Monthly,TBEXTOT,2016-03-04T14:46:00
United States,Exports,,,Monthly,TBEXTOT,2016-03-04T14:46:00
United States,Exports,,,Monthly,TBEXTOT,2016-03-04T14:46:00
United States,Exports,,,Monthly,TBEXTOT,2016-03-04T14:46:00
United States,Exports,,,Monthly,TBEXTOT,2016-03-04T14:46:00
United States,Exports,,,Monthly,TBEXTOT,2016-03-04T14:46:00
United States,Exports,,,Monthly,TBEXTOT,2016-03-04T14:46:00
United States,Exports,,,Monthly,TBEXTOT,2016-03-04T14:46:00
United States,Exports,,,Monthly,TBEXTOT,2016-03-04T14:46:00
United States,Exports,,,Monthly,TBEXTOT,2016-03-04T14:46:00
United States,Exports,,,Monthly,TBEXTOT,2016-03-04T14:46:00
United States,Exports,,,Monthly,TBEXTOT,2016-03-04T14:46:00
United States,Exports,,,Monthly,TBEXTOT,2016-03-04T14:46:00
United States,Exports,,,Monthly,TBEXTOT,2016-03-04T14:46:00
United States,Exports,,,Monthly,TBEXTOT,2016-03-04T14:46:00
United States,Exports,,,Monthly,TBEXTOT,2016-03-04T14:46:00
United States,Exports,,,Monthly,TBEXTOT,2016-03-04T14:46:00
United States,Exports,,,Monthly,TBEXTOT,2016-03-04T14:46:00
United States,Exports,,,Monthly,TBEXTOT,2016-03-04T14:46:00
United States,Exports,,,Monthly,TBEXTOT,2016-03-04T14:46:00
United States,Exports,,,Monthly,TBEXTOT,2016-03-04T14:46:00
United States,Exports,,,Monthly,TBEXTOT,2016-03-04T14:46:00
United States,Exports,,,Monthly,TBEXTOT,2016-03-04T14:46:00
United States,Exports,,,Monthly,TBEXTOT,2016-03-04T14:46:00
United States,Exports,,,Monthly,TBEXTOT,2016-03-04T14:46:00
United States,Exports,,,Monthly,TBEXTOT,2016-03-04T14:46:00
United States,Exports,,,Monthly,TBEXTOT,2016-03-04T14:46:00
United States,Exports,,,Monthly,TBEXTOT,2016-03-04T14:46:00
United States,Exports,,,Monthly,TBEXTOT,2016-03-04T14:46:00
United States,Exports,,,Monthly,TBEXTOT,2016-03-04T14:46:00
United States,Exports,,,Monthly,TBEXTOT,2016-03-04T14:46:00
United States,Exports,,,Monthly,TBEXTOT,2016-03-04T14:46:00
United States,Exports,,,Monthly,TBEXTOT,2016-03-04T14:46:00
United States,Exports,,,Monthly,TBEXTOT,2016-03-04T14:46:00
United States,Exports,,,Monthly,TBEXTOT,2016-03-04T14:46:00
United States,Exports,,,Monthly,TBEXTOT,2016-03-04T14:46:00
United States,Exports,,,Monthly,TBEXTOT,2016-03-04T14:46:00
United States,Exports,,,Monthly,TBEXTOT,2016-03-04T14:46:00
United States,Exports,,,Monthly,TBEXTOT,2016-03-04T14:46:00
United States,Exports,,,Monthly,TBEXTOT,2016-03-04T14:46:00
United States,Exports,,,Monthly,TBEXTOT,2016-03-04T14:46:00
United States,Exports,,,Monthly,TBEXTOT,2016-03-04T14:46:00
United States,Exports,,,Monthly,TBEXTOT,2016-03-04T14:46:00
United States,Exports,,,Monthly,TBEXTOT,2016-03-04T14:46:00
United States,Exports,,,Monthly,TBEXTOT,2016-03-04T14:46:00
United States,Exports,,,Monthly,TBEXTOT,2016-03-04T14:46:00
United States,Exports,,,Monthly,TBEXTOT,2016-03-04T14:46:00
United States,Exports,,,Monthly,TBEXTOT,2016-03-04T14:46:00
United States,Exports,,,Monthly,TBEXTOT,2016-03-04T14:46:00
United States,Exports,,,Monthly,TBEXTOT,2016-03-04T14:46:00
United States,Exports,,,Monthly,TBEXTOT,2016-03-04T14:46:00
United States,Exports,,,Monthly,TBEXTOT,2016-03-04T14:46:00
United States,Exports,,,Monthly,TBEXTOT,2016-03-04T14:46:00
United States,Exports,,,Monthly,TBEXTOT,2016-03-04T14:46:00
United States,Exports,,,Monthly,TBEXTOT,2016-03-04T14:46:00
United States,Exports,,,Monthly,TBEXTOT,2016-03-04T14:46:00
United States,Exports,,,Monthly,TBEXTOT,2016-03-04T14:46:00
United States,Exports,,,Monthly,TBEXTOT,2016-03-04T14:46:00
United States,Exports,,,Monthly,TBEXTOT,2016-03-04T14:46:00
United States,Exports,,,Monthly,TBEXTOT,2016-03-04T14:46:00
United States,Exports,,,Monthly,TBEXTOT,2016-03-04T14:46:00
United States,Exports,,,Monthly,TBEXTOT,2016-03-04T14:46:00
United States,Exports,,,Monthly,TBEXTOT,2016-03-04T14:46:00
United States,Exports,,,Monthly,TBEXTOT,2016-03-04T14:46:00
United States,Exports,,,Monthly,TBEXTOT,2016-03-04T14:46:00
United States,Exports,,,Monthly,TBEXTOT,2016-03-04T14:46:00
United States,Exports,,,Monthly,TBEXTOT,2016-03-04T14:46:00
United States,Exports,,,Monthly,TBEXTOT,2016-03-04T14:46:00
United States,Exports,,,Monthly,TBEXTOT,2016-03-04T14:46:00
United States,Exports,,,Monthly,TBEXTOT,2016-03-04T14:46:00
United States,Exports,,,Monthly,TBEXTOT,2016-03-04T14:46:00
United States,Exports,,,Monthly,TBEXTOT,2016-03-04T14:46:00
United States,Exports,,,Monthly,TBEXTOT,2016-03-04T14:46:00
United States,Exports,,,Monthly,TBEXTOT,2016-03-04T14:46:00
United States,Exports,,,Monthly,TBEXTOT,2016-03-04T14:46:00
United States,Exports,,,Monthly,TBEXTOT,2016-03-04T14:46:00
United States,Exports,,,Monthly,TBEXTOT,2016-03-04T14:46:00
United States,Exports,,,Monthly,TBEXTOT,2016-03-04T14:46:00
United States,Exports,,,Monthly,TBEXTOT,2016-03-04T14:46:00
United States,Exports,,,Monthly,TBEXTOT,2016-03-04T14:46:00
United States,Exports,,,Monthly,TBEXTOT,2016-03-04T14:46:00
United States,Exports,,,Monthly,TBEXTOT,2016-03-04T14:46:00
United States,Exports,,,Monthly,TBEXTOT,2016-03-04T14:46:00
United States,Exports,,,Monthly,TBEXTOT,2016-03-04T14:46:00
United States,Exports,,,Monthly,TBEXTOT,2016-03-04T14:46:00
United States,Exports,,,Monthly,TBEXTOT,2016-03-04T14:46:00
United States,Exports,,,Monthly,TBEXTOT,2016-03-04T14:46:00
United States,Exports,,,Monthly,TBEXTOT,2016-03-04T14:46:00
United States,Exports,,,Monthly,TBEXTOT,2016-03-04T14:46:00
United States,Exports,,,Monthly,TBEXTOT,2016-03-04T14:46:00
United States,Exports,,,Monthly,TBEXTOT,2016-03-04T14:46:00
United States,Exports,,,Monthly,TBEXTOT,2016-03-04T14:46:00
United States,Exports,,,Monthly,TBEXTOT,2016-03-04T14:46:00
United States,Exports,,,Monthly,TBEXTOT,2016-03-04T14:46:00
United States,Exports,,,Monthly,TBEXTOT,2016-03-04T14:46:00
United States,Exports,,,Monthly,TBEXTOT,2016-03-04T14:46:00
United States,Exports,,,Monthly,TBEXTOT,2016-03-04T14:46:00
United States,Exports,,,Monthly,TBEXTOT,2016-03-04T14:46:00
United States,Exports,,,Monthly,TBEXTOT,2016-03-04T14:46:00
United States,Exports,,,Monthly,TBEXTOT,2016-03-04T14:46:00
United States,Exports,,,Monthly,TBEXTOT,2016-03-04T14:46:00
United States,Exports,,,Monthly,TBEXTOT,2016-03-04T14:46:00
United States,Exports,,,Monthly,TBEXTOT,2016-03-04T14:46:00
United States,Exports,,,Monthly,TBEXTOT,2016-03-04T14:46:00
United States,Exports,,,Monthly,TBEXTOT,2016-03-04T14:46:00
United States,Exports,,,Monthly,TBEXTOT,2016-03-04T14:46:00
United States,Exports,,,Monthly,TBEXTOT,2016-03-04T14:46:00
United States,Exports,,,Monthly,TBEXTOT,2016-03-04T14:46:00
United States,Exports,,,Monthly,TBEXTOT,2016-03-04T14:46:00
United States,Exports,,,Monthly,TBEXTOT,2016-03-04T14:46:00
United States,Exports,,,Monthly,TBEXTOT,2016-03-04T14:46:00
United States,Exports,,,Monthly,TBEXTOT,2016-03-04T14:46:00
United States,Exports,,,Monthly,TBEXTOT,2016-03-04T14:46:00
United States,Exports,,,Monthly,TBEXTOT,2016-03-04T14:46:00
United States,Exports,,,Monthly,TBEXTOT,2016-03-04T14:46:00
United States,Exports,,,Monthly,TBEXTOT,2016-03-04T14:46:00
United States,Exports,,,Monthly,TBEXTOT,2016-03-04T14:46:00
United States,Exports,,,Monthly,TBEXTOT,2016-03-04T14:46:00
United States,Exports,,,Monthly,TBEXTOT,2016-03-04T14:46:00
United States,Exports,,,Monthly,TBEXTOT,2016-03-04T14:46:00
United States,Exports,,,Monthly,TBEXTOT,2016-03-04T14:46:00
United States,Exports,,,Monthly,TBEXTOT,2016-03-04T14:46:00
United States,Exports,,,Monthly,TBEXTOT,2020-06-04T13:54:00
United States,Exports,,,Monthly,TBEXTOT,2020-06-04T13:54:00
United States,Exports,,,Monthly,TBEXTOT,2020-06-04T13:54:00
United States,Exports,,,Monthly,TBEXTOT,2020-06-04T13:54:00
United States,Exports,,,Monthly,TBEXTOT,2020-06-04T13:54:00
United States,Exports,,,Monthly,TBEXTOT,2020-06-04T13:54:00
United States,Exports,,,Monthly,TBEXTOT,2020-06-04T13:54:00
United States,Exports,,,Monthly,TBEXTOT,2020-06-04T13:54:00
United States,Exports,,,Monthly,TBEXTOT,2020-06-04T13:54:00
United States,Exports,,,Monthly,TBEXTOT,2020-06-04T13:54:00
United States,Exports,,,Monthly,TBEXTOT,2020-06-04T13:54:00
United States,Exports,,,Monthly,TBEXTOT,2020-06-04T13:54:00
United States,Exports,,,Monthly,TBEXTOT,2020-06-04T13:54:00
United States,Exports,,,Monthly,TBEXTOT,2020-06-04T13:54:00
United States,Exports,,,Monthly,TBEXTOT,2020-06-04T13:54:00
United States,Exports,,,Monthly,TBEXTOT,2020-06-04T13:54:00
United States,Exports,,,Monthly,TBEXTOT,2020-06-04T13:54:00
United States,Exports,,,Monthly,TBEXTOT,2020-06-04T13:54:00
United States,Exports,,,Monthly,TBEXTOT,2020-06-04T13:54:00
United States,Exports,,,Monthly,TBEXTOT,2020-06-04T13:54:00
United States,Exports,,,Monthly,TBEXTOT,2020-06-04T13:54:00
United States,Exports,,,Monthly,TBEXTOT,2020-06-04T13:54:00
United States,Exports,,,Monthly,TBEXTOT,2020-06-04T13:54:00
United States,Exports,,,Monthly,TBEXTOT,2020-06-04T13:54:00
United States,Exports,,,Monthly,TBEXTOT,2020-06-04T13:54:00
United States,Exports,,,Monthly,TBEXTOT,2020-06-04T13:54:00
United States,Exports,,,Monthly,TBEXTOT,2020-06-04T13:54:00
United States,Exports,,,Monthly,TBEXTOT,2020-06-04T13:54:00
United States,Exports,,,Monthly,TBEXTOT,2020-06-04T13:54:00
United States,Exports,,,Monthly,TBEXTOT,2020-06-04T13:54:00
United States,Exports,,,Monthly,TBEXTOT,2020-06-04T13:54:00
United States,Exports,,,Monthly,TBEXTOT,2020-06-04T13:54:00
United States,Exports,,,Monthly,TBEXTOT,2020-06-04T13:54:00
United States,Exports,,,Monthly,TBEXTOT,2020-06-04T13:54:00
United States,Exports,,,Monthly,TBEXTOT,2020-06-04T13:54:00
United States,Exports,,,Monthly,TBEXTOT,2020-06-04T13:54:00
United States,Exports,,,Monthly,TBEXTOT,2020-06-04T13:54:00
United States,Exports,,,Monthly,TBEXTOT,2020-06-04T13:54:00
United States,Exports,,,Monthly,TBEXTOT,2020-06-04T13:54:00
United States,Exports,,,Monthly,TBEXTOT,2020-06-04T13:54:00
United States,Exports,,,Monthly,TBEXTOT,2020-06-04T13:54:00
United States,Exports,,,Monthly,TBEXTOT,2020-06-04T13:54:00
United States,Exports,,,Monthly,TBEXTOT,2020-06-04T13:54:00
United States,Exports,,,Monthly,TBEXTOT,2020-06-04T13:54:00
United States,Exports,,,Monthly,TBEXTOT,2020-06-04T13:54:00
United States,Exports,,,Monthly,TBEXTOT,2020-06-04T13:54:00
United States,Exports,,,Monthly,TBEXTOT,2020-06-04T13:54:00
United States,Exports,,,Monthly,TBEXTOT,2020-06-04T13:54:00
United States,Exports,,,Monthly,TBEXTOT,2020-06-04T13:54:00
United States,Exports,,,Monthly,TBEXTOT,2020-06-04T13:54:00
United States,Exports,,,Monthly,TBEXTOT,2020-06-04T13:54:00
United States,Exports,,,Monthly,TBEXTOT,2020-06-04T13:54:00
United States,Exports,,,Monthly,TBEXTOT,2020-06-04T13:54:00
United States,Exports,,,Monthly,TBEXTOT,2020-06-04T13:54:00
United States,Exports,,,Monthly,TBEXTOT,2020-06-04T13:54:00
United States,Exports,,,Monthly,TBEXTOT,2020-06-04T13:54:00
United States,Exports,,,Monthly,TBEXTOT,2020-06-04T13:54:00
United States,Exports,,,Monthly,TBEXTOT,2020-06-04T13:54:00
United States,Exports,,,Monthly,TBEXTOT,2020-06-04T13:54:00
United States,Exports,,,Monthly,TBEXTOT,2020-06-04T13:54:00
United States,Exports,,,Monthly,TBEXTOT,2020-06-04T13:54:00
United States,Exports,,,Monthly,TBEXTOT,2020-06-04T13:54:00
United States,Exports,,,Monthly,TBEXTOT,2020-06-04T13:54:00
United States,Exports,,,Monthly,TBEXTOT,2020-06-04T13:54:00
United States,Exports,,,Monthly,TBEXTOT,2020-06-04T13:54:00
United States,Exports,,,Monthly,TBEXTOT,2020-06-04T13:54:00
United States,Exports,,,Monthly,TBEXTOT,2020-06-04T13:54:00
United States,Exports,,,Monthly,TBEXTOT,2020-06-04T13:54:00
United States,Exports,,,Monthly,TBEXTOT,2020-06-04T13:54:00
United States,Exports,,,Monthly,TBEXTOT,2020-06-04T13:54:00
United States,Exports,,,Monthly,TBEXTOT,2020-06-04T13:54:00
United States,Exports,,,Monthly,TBEXTOT,2020-06-04T13:54:00
United States,Exports,,,Monthly,TBEXTOT,2020-06-04T13:54:00
United States,Exports,,,Monthly,TBEXTOT,2020-06-04T13:54:00
United States,Exports,,,Monthly,TBEXTOT,2020-06-04T13:54:00
United States,Exports,,,Monthly,TBEXTOT,2020-06-04T13:54:00
United States,Exports,,,Monthly,TBEXTOT,2020-06-04T13:54:00
United States,Exports,,,Monthly,TBEXTOT,2020-06-04T13:54:00
United States,Exports,,,Monthly,TBEXTOT,2020-06-04T13:54:00
United States,Exports,,,Monthly,TBEXTOT,2020-06-04T13:54:00
United States,Exports,,,Monthly,TBEXTOT,2020-06-04T13:54:00
United States,Exports,,,Monthly,TBEXTOT,2020-06-04T13:54:00
United States,Exports,,,Monthly,TBEXTOT,2020-06-04T13:54:00
United States,Exports,,,Monthly,TBEXTOT,2020-06-04T13:54:00
United States,Exports,,,Monthly,TBEXTOT,2020-06-04T13:54:00
United States,Exports,,,Monthly,TBEXTOT,2020-06-04T13:54:00
United States,Exports,,,Monthly,TBEXTOT,2020-06-04T13:54:00
United States,Exports,,,Monthly,TBEXTOT,2020-06-04T13:54:00
United States,Exports,,,Monthly,TBEXTOT,2020-06-04T13:54:00
United States,Exports,,,Monthly,TBEXTOT,2020-06-04T13:54:00
United States,Exports,,,Monthly,TBEXTOT,2020-06-04T13:54:00
United States,Exports,,,Monthly,TBEXTOT,2020-06-04T13:54:00
United States,Exports,,,Monthly,TBEXTOT,2020-06-04T13:54:00
United States,Exports,,,Monthly,TBEXTOT,2020-06-04T13:54:00
United States,Exports,,,Monthly,TBEXTOT,2020-06-04T13:54:00
United States,Exports,,,Monthly,TBEXTOT,2020-06-04T13:54:00
United States,Exports,,,Monthly,TBEXTOT,2020-06-04T13:54:00
United States,Exports,,,Monthly,TBEXTOT,2020-06-04T13:54:00
United States,Exports,,,Monthly,TBEXTOT,2020-06-04T13:54:00
United States,Exports,,,Monthly,TBEXTOT,2020-06-04T13:54:00
United States,Exports,,,Monthly,TBEXTOT,2020-06-04T13:54:00
United States,Exports,,,Monthly,TBEXTOT,2020-06-04T13:54:00
United States,Exports,,,Monthly,TBEXTOT,2020-06-04T13:54:00
United States,Exports,,,Monthly,TBEXTOT,2020-06-04T13:54:00
United States,Exports,,,Monthly,TBEXTOT,2020-06-04T13:54:00
United States,Exports,,,Monthly,TBEXTOT,2020-06-04T13:54:00
United States,Exports,,,Monthly,TBEXTOT,2020-06-04T13:54:00
United States,Exports,,,Monthly,TBEXTOT,2020-06-04T13:54:00
United States,Exports,,,Monthly,TBEXTOT,2020-06-04T13:54:00
United States,Exports,,,Monthly,TBEXTOT,2020-06-04T13:54:00
United States,Exports,,,Monthly,TBEXTOT,2020-06-04T13:54:00
United States,Exports,,,Monthly,TBEXTOT,2020-06-04T13:54:00
United States,Exports,,,Monthly,TBEXTOT,2020-06-04T13:54:00
United States,Exports,,,Monthly,TBEXTOT,2020-06-04T13:54:00
United States,Exports,,,Monthly,TBEXTOT,2020-06-04T13:54:00
United States,Exports,,,Monthly,TBEXTOT,2020-06-04T13:54:00
United States,Exports,,,Monthly,TBEXTOT,2020-06-04T13:54:00
United States,Exports,,,Monthly,TBEXTOT,2020-06-04T13:54:00
United States,Exports,,,Monthly,TBEXTOT,2020-06-04T13:54:00
United States,Exports,,,Monthly,TBEXTOT,2020-06-04T13:54:00
United States,Exports,,,Monthly,TBEXTOT,2020-06-04T13:54:00
United States,Exports,,,Monthly,TBEXTOT,2020-06-04T13:54:00
United States,Exports,,,Monthly,TBEXTOT,2020-06-04T13:54:00
United States,Exports,,,Monthly,TBEXTOT,2020-06-04T13:54:00
United States,Exports,,,Monthly,TBEXTOT,2020-06-04T13:54:00
United States,Exports,,,Monthly,TBEXTOT,2020-06-04T13:54:00
United States,Exports,,,Monthly,TBEXTOT,2020-06-04T13:54:00
United States,Exports,,,Monthly,TBEXTOT,2020-06-04T13:54:00
United States,Exports,,,Monthly,TBEXTOT,2020-06-04T13:54:00
United States,Exports,,,Monthly,TBEXTOT,2020-06-04T13:54:00
United States,Exports,,,Monthly,TBEXTOT,2020-06-04T13:54:00
United States,Exports,,,Monthly,TBEXTOT,2020-06-04T13:54:00
United States,Exports,,,Monthly,TBEXTOT,2020-06-04T13:54:00
United States,Exports,,,Monthly,TBEXTOT,2020-06-04T13:54:00
United States,Exports,,,Monthly,TBEXTOT,2020-06-04T13:54:00
United States,Exports,,,Monthly,TBEXTOT,2020-06-04T13:54:00
United States,Exports,,,Monthly,TBEXTOT,2020-06-04T13:54:00
United States,Exports,,,Monthly,TBEXTOT,2020-06-04T13:54:00
United States,Exports,,,Monthly,TBEXTOT,2020-06-04T13:54:00
United States,Exports,,,Monthly,TBEXTOT,2020-06-04T13:54:00
United States,Exports,,,Monthly,TBEXTOT,2020-06-04T13:54:00
United States,Exports,,,Monthly,TBEXTOT,2020-06-04T13:54:00
United States,Exports,,,Monthly,TBEXTOT,2020-06-04T13:54:00
United States,Exports,,,Monthly,TBEXTOT,2020-06-04T13:54:00
United States,Exports,,,Monthly,TBEXTOT,2020-06-04T13:54:00
United States,Exports,,,Monthly,TBEXTOT,2020-06-04T13:54:00
United States,Exports,,,Monthly,TBEXTOT,2020-06-04T13:54:00
United States,Exports,,,Monthly,TBEXTOT,2020-06-04T13:54:00
United States,Exports,,,Monthly,TBEXTOT,2020-06-04T13:54:00
United States,Exports,,,Monthly,TBEXTOT,2020-06-04T13:54:00
United States,Exports,,,Monthly,TBEXTOT,2020-06-04T13:54:00
United States,Exports,,,Monthly,TBEXTOT,2020-06-04T13:54:00
United States,Exports,,,Monthly,TBEXTOT,2020-06-04T13:54:00
United States,Exports,,,Monthly,TBEXTOT,2020-06-04T13:54:00
United States,Exports,,,Monthly,TBEXTOT,2020-06-04T13:54:00
United States,Exports,,,Monthly,TBEXTOT,2020-06-04T13:54:00
United States,Exports,,,Monthly,TBEXTOT,2020-06-04T13:54:00
United States,Exports,,,Monthly,TBEXTOT,2020-06-04T13:54:00
United States,Exports,,,Monthly,TBEXTOT,2020-06-04T13:54:00
United States,Exports,,,Monthly,TBEXTOT,2020-06-04T13:54:00
United States,Exports,,,Monthly,TBEXTOT,2020-06-04T13:54:00
United States,Exports,,,Monthly,TBEXTOT,2020-06-04T13:54:00
United States,Exports,,,Monthly,TBEXTOT,2020-06-04T13:54:00
United States,Exports,,,Monthly,TBEXTOT,2020-06-04T13:54:00
United States,Exports,,,Monthly,TBEXTOT,2020-06-04T13:54:00
United States,Exports,,,Monthly,TBEXTOT,2020-06-04T13:54:00
United States,Exports,,,Monthly,TBEXTOT,2020-06-04T13:54:00
United States,Exports,,,Monthly,TBEXTOT,2020-06-04T13:54:00
United States,Exports,,,Monthly,TBEXTOT,2021-06-08T12:50:00
United States,Exports,,,Monthly,TBEXTOT,2021-06-08T12:50:00
United States,Exports,,,Monthly,TBEXTOT,2021-06-08T12:50:00
United States,Exports,,,Monthly,TBEXTOT,2021-06-08T12:50:00
United States,Exports,,,Monthly,TBEXTOT,2021-06-08T12:50:00
United States,Exports,,,Monthly,TBEXTOT,2021-06-08T12:50:00
United States,Exports,,,Monthly,TBEXTOT,2021-06-08T12:50:00
United States,Exports,,,Monthly,TBEXTOT,2021-06-08T12:50:00
United States,Exports,,,Monthly,TBEXTOT,2021-06-08T12:50:00
United States,Exports,,,Monthly,TBEXTOT,2021-06-08T12:50:00
United States,Exports,,,Monthly,TBEXTOT,2020-06-04T13:54:00
United States,Exports,,,Monthly,TBEXTOT,2021-06-08T12:50:00
United States,Exports,,,Monthly,TBEXTOT,2021-06-08T12:50:00
United States,Exports,,,Monthly,TBEXTOT,2021-06-08T12:50:00
United States,Exports,,,Monthly,TBEXTOT,2021-06-08T12:50:00
United States,Exports,,,Monthly,TBEXTOT,2021-06-08T12:50:00
United States,Exports,,,Monthly,TBEXTOT,2021-06-08T12:50:00
United States,Exports,,,Monthly,TBEXTOT,2021-06-08T12:50:00
United States,Exports,,,Monthly,TBEXTOT,2021-06-08T12:50:00
United States,Exports,,,Monthly,TBEXTOT,2021-06-08T12:50:00
United States,Exports,,,Monthly,TBEXTOT,2021-06-08T12:50:00
United States,Exports,,,Monthly,TBEXTOT,2021-06-08T12:50:00
United States,Exports,,,Monthly,TBEXTOT,2021-06-08T12:50:00
United States,Exports,,,Monthly,TBEXTOT,2021-06-08T12:50:00
United States,Exports,,,Monthly,TBEXTOT,2021-06-08T12:50:00
United States,Exports,,,Monthly,TBEXTOT,2021-06-08T12:50:00
United States,Exports,,,Monthly,TBEXTOT,2021-06-08T12:50:00
United States,Exports,,,Monthly,TBEXTOT,2021-06-08T12:50:00
United States,Exports,,,Monthly,TBEXTOT,2021-06-08T12:50:00
United States,Exports,,,Monthly,TBEXTOT,2021-06-08T12:50:00
United States,Exports,,,Monthly,TBEXTOT,2021-06-08T12:50:00
United States,Exports,,,Monthly,TBEXTOT,2021-06-08T12:50:00
United States,Exports,,,Monthly,TBEXTOT,2021-06-08T12:50:00
United States,Exports,,,Monthly,TBEXTOT,2021-06-08T12:50:00
United States,Exports,,,Monthly,TBEXTOT,2021-06-08T12:50:00
United States,Exports,,,Monthly,TBEXTOT,2021-06-08T12:50:00
United States,Exports,,,Monthly,TBEXTOT,2021-06-08T12:50:00
United States,Exports,,,Monthly,TBEXTOT,2021-06-08T12:50:00
United States,Exports,,,Monthly,TBEXTOT,2021-06-08T12:50:00
United States,Exports,,,Monthly,TBEXTOT,2021-06-08T12:50:00
United States,Exports,,,Monthly,TBEXTOT,2021-06-08T12:50:00
United States,Exports,,,Monthly,TBEXTOT,2021-06-08T12:50:00
United States,Exports,,,Monthly,TBEXTOT,2021-06-08T12:50:00
United States,Exports,,,Monthly,TBEXTOT,2021-06-08T12:50:00
United States,Exports,,,Monthly,TBEXTOT,2021-06-08T12:50:00
United States,Exports,,,Monthly,TBEXTOT,2021-06-08T12:50:00
United States,Exports,,,Monthly,TBEXTOT,2021-06-08T12:50:00
United States,Exports,,,Monthly,TBEXTOT,2021-06-08T12:50:00
United States,Exports,,,Monthly,TBEXTOT,2021-06-08T12:50:00
United States,Exports,,,Monthly,TBEXTOT,2021-06-08T12:50:00
United States,Exports,,,Monthly,TBEXTOT,2021-06-08T12:50:00
United States,Exports,,,Monthly,TBEXTOT,2021-06-08T12:50:00
United States,Exports,,,Monthly,TBEXTOT,2021-06-08T12:50:00
United States,Exports,,,Monthly,TBEXTOT,2021-06-08T12:50:00
United States,Exports,,,Monthly,TBEXTOT,2021-06-08T12:50:00
United States,Exports,,,Monthly,TBEXTOT,2021-06-08T12:50:00
United States,Exports,,,Monthly,TBEXTOT,2021-06-08T12:50:00
United States,Exports,,,Monthly,TBEXTOT,2021-06-08T12:50:00
United States,Exports,,,Monthly,TBEXTOT,2021-06-08T12:50:00
United States,Exports,,,Monthly,TBEXTOT,2021-06-08T12:50:00
United States,Exports,,,Monthly,TBEXTOT,2021-06-08T12:50:00
United States,Exports,,,Monthly,TBEXTOT,2021-06-08T12:50:00
United States,Exports,,,Monthly,TBEXTOT,2021-06-08T12:50:00
United States,Exports,,,Monthly,TBEXTOT,2021-06-08T12:50:00
United States,Exports,,,Monthly,TBEXTOT,2021-06-08T12:50:00
United States,Exports,,,Monthly,TBEXTOT,2021-06-08T12:50:00
United States,Exports,,,Monthly,TBEXTOT,2021-06-08T12:50:00
United States,Exports,,,Monthly,TBEXTOT,2021-06-08T12:50:00
United States,Exports,,,Monthly,TBEXTOT,2021-06-08T12:50:00
United States,Exports,,,Monthly,TBEXTOT,2021-06-08T12:50:00
United States,Exports,,,Monthly,TBEXTOT,2021-06-08T12:50:00
United States,Exports,,,Monthly,TBEXTOT,2021-06-08T12:50:00
United States,Exports,,,Monthly,TBEXTOT,2021-06-08T12:50:00
United States,Exports,,,Monthly,TBEXTOT,2021-06-08T12:50:00
United States,Exports,,,Monthly,TBEXTOT,2021-06-08T12:50:00
United States,Exports,,,Monthly,TBEXTOT,2021-06-08T12:50:00
United States,Exports,,,Monthly,TBEXTOT,2021-06-08T12:50:00
United States,Exports,,,Monthly,TBEXTOT,2021-06-08T12:50:00
United States,Exports,,,Monthly,TBEXTOT,2021-06-08T12:50:00
United States,Exports,,,Monthly,TBEXTOT,2021-06-08T12:50:00
United States,Exports,,,Monthly,TBEXTOT,2021-06-08T12:50:00
United States,Exports,,,Monthly,TBEXTOT,2021-06-08T12:50:00
United States,Exports,,,Monthly,TBEXTOT,2021-06-08T12:50:00
United States,Exports,,,Monthly,TBEXTOT,2021-06-08T12:50:00
United States,Exports,,,Monthly,TBEXTOT,2021-06-08T12:50:00
United States,Exports,,,Monthly,TBEXTOT,2021-06-08T12:50:00
United States,Exports,,,Monthly,TBEXTOT,2021-06-08T12:50:00
United States,Exports,,,Monthly,TBEXTOT,2021-06-08T12:50:00
United States,Exports,,,Monthly,TBEXTOT,2021-06-08T12:50:00
United States,Exports,,,Monthly,TBEXTOT,2021-06-08T12:50:00
United States,Exports,,,Monthly,TBEXTOT,2021-06-08T12:50:00
United States,Exports,,,Monthly,TBEXTOT,2021-06-08T12:50:00
United States,Exports,,,Monthly,TBEXTOT,2021-06-08T12:50:00
United States,Exports,,,Monthly,TBEXTOT,2021-06-08T12:50:00
United States,Exports,,,Monthly,TBEXTOT,2021-06-08T12:50:00
United States,Exports,,,Monthly,TBEXTOT,2021-06-08T12:50:00
United States,Exports,,,Monthly,TBEXTOT,2021-06-08T12:50:00
United States,Exports,,,Monthly,TBEXTOT,2021-06-08T12:50:00
United States,Exports,,,Monthly,TBEXTOT,2021-06-08T12:50:00
United States,Exports,,,Monthly,TBEXTOT,2021-07-02T13:26:00
United States,Exports,,,Monthly,TBEXTOT,2021-08-05T13:05:00
United States,Exports,,,Monthly,TBEXTOT,2021-08-05T13:05:00